"Date","Type","JDay","Coef","VIP","MetricMean","MetricStdev"
701,"Chill",-183,0.0234389649672855,0.91548521688353,0.0559804193990337,0.0965426300936984
702,"Chill",-182,0.0409427707631908,1.03153557173131,0.0563104829423348,0.0997921098911976
703,"Chill",-181,0.00168567054493811,0.917571148413947,0.0532572237153828,0.0956684047499067
704,"Chill",-180,0.0391071004777745,1.07089446579031,0.048690621422058,0.0866341454198319
705,"Chill",-179,0.0206742291973655,1.02544397337872,0.0425852410231348,0.0815729174937169
706,"Chill",-178,0.00826020482054989,1.03018017191993,0.0397766439835711,0.0802201217332583
707,"Chill",-177,0.0374983601229156,1.03572985165351,0.0397825929666093,0.0801747433387674
708,"Chill",-176,0.0570661384656023,1.11301153459068,0.0367706657933169,0.0739466478504083
709,"Chill",-175,0.0450439966160595,1.00755362558249,0.0337303428558255,0.071535134904196
710,"Chill",-174,0.110965024184318,1.18437857389136,0.0291442108813154,0.0743035650851255
711,"Chill",-173,0.055868571665508,0.848437143822065,0.0260483130968196,0.0670622210824002
712,"Chill",-172,0.0445191790318516,0.840463540880921,0.0275749431433872,0.0675003494429388
713,"Chill",-171,0.0658806266370848,0.928593590828566,0.0260517465279443,0.060619269728656
714,"Chill",-170,0.0740305961437999,0.978812814126132,0.0245283338871961,0.0600953318993935
715,"Chill",-169,0.0218331676974008,0.761565308544177,0.0214907325854028,0.0515179575460907
716,"Chill",-168,0.0582208721337707,0.850863540699995,0.0245477940055311,0.0641310655566467
717,"Chill",-167,0.0668396046922839,0.81690002002048,0.0227992956100846,0.0596993250756811
718,"Chill",-166,0.0493503212084916,0.787287611856597,0.0182322554434467,0.0498399288901912
719,"Chill",-165,-0.0142498988139186,0.685710125881394,0.0212716110708929,0.0514173557320977
720,"Chill",-164,0.0159129281540315,0.917748721334321,0.0243334881457466,0.0471303828087292
721,"Chill",-163,-0.019957518599478,0.815534568667587,0.0228181024506089,0.0432836981376991
722,"Chill",-162,0.0140365574351862,0.733342873177118,0.0198528735519633,0.0380677132861619
723,"Chill",-161,0.0345202279941254,0.778116457068547,0.0183262435053957,0.0369623864364981
724,"Chill",-160,-0.0269315719937034,0.834372571633528,0.0181681394625183,0.0366629796897653
725,"Chill",-159,-0.0243347872494566,0.879974130720119,0.0196905391257384,0.0413716141531622
726,"Chill",-158,-0.0317262004243791,0.780013508681027,0.0212157286707557,0.045534111978989
727,"Chill",-157,-0.0924853974608588,0.826448370071018,0.0181395540489826,0.0436780659108419
728,"Chill",-156,-0.143853889946401,1.01573139211875,0.0196465067842014,0.0445915562191828
729,"Chill",-155,-0.12750738974421,0.909682666993758,0.0211663966265185,0.0484706201663094
730,"Chill",-154,-0.058293348549407,0.529989197270135,0.0166001749427877,0.0426314765605556
731,"Chill",-153,-0.0806278634548628,0.553907895061715,0.0120184733756429,0.0352021555237575
801,"Chill",-152,-0.0595724495796866,0.419884446242191,0.0135449401082235,0.043693924761309
802,"Chill",-151,-0.0806276416709357,0.553906458073444,0.0120184875216514,0.0352022253077707
803,"Chill",-150,-0.0806276416709357,0.553906458073444,0.0120184875216514,0.0352022253077707
804,"Chill",-149,-0.0825539069061887,0.565226332984186,0.0106508950064129,0.0340088818326448
805,"Chill",-148,-0.0862176578167991,0.637129744383103,0.00912849534319294,0.0323389475408279
806,"Chill",-147,-0.0794370217277244,0.638660794760683,0.00906529749809883,0.0321785306786698
807,"Chill",-146,-0.0476397615052504,0.459567867702535,0.00755013939034913,0.0303476965499103
808,"Chill",-145,-0.0290021937876072,0.206516937730099,0.00754455441672722,0.0303320610783795
809,"Chill",-144,-0.0447820626399454,0.405033964267385,0.00756741550583417,0.0253145925382959
810,"Chill",-143,-0.0150964586908513,0.280619505991985,0.00907747163628929,0.0274663968985973
811,"Chill",-142,-0.0393156708052987,0.328458903142716,0.0106061158187748,0.0294344239266111
812,"Chill",-141,-0.07451701967882,0.67234464006517,0.0121178522249295,0.0354456582141343
813,"Chill",-140,-0.0104082184316014,0.760994285219329,0.0197186672412901,0.0478138439047313
814,"Chill",-139,-0.0254205127333239,0.827855241434964,0.0243002760732091,0.0528299929398351
815,"Chill",-138,-0.0393388656551669,0.860401701876847,0.0258208379423995,0.0534282880750941
816,"Chill",-137,-0.0290275720115751,1.01155999817277,0.0288248468606573,0.0544337670029398
817,"Chill",-136,-0.0603389231522155,1.21683986221447,0.0288849742055878,0.0545018743388602
818,"Chill",-135,-0.0786745662751187,1.2867447822238,0.0304121359298881,0.0574827310370462
819,"Chill",-134,-0.084612992377489,1.29433880955897,0.0365031149723905,0.0633771627944942
820,"Chill",-133,-0.095555673023964,1.3194771861918,0.0410689239225133,0.0680898583722007
821,"Chill",-132,-0.113026915135373,1.36583022346543,0.0452892793344252,0.075219651895377
822,"Chill",-131,-0.0915357838627385,1.39746988831162,0.0513647307115363,0.0822089503115979
823,"Chill",-130,-0.0969042847137727,1.32669538124947,0.0513943652312866,0.0822552329052488
824,"Chill",-129,-0.108928841165301,1.29620936591699,0.0543877167281,0.0884812024033036
825,"Chill",-128,-0.107277376234502,1.1678549333759,0.0528624359101479,0.0903111045785856
826,"Chill",-127,-0.0721885075523911,1.16434252906148,0.0648980131564438,0.104527459870147
827,"Chill",-126,-0.0939103030724213,1.14247032331504,0.0695350079981112,0.102340624245139
828,"Chill",-125,-0.066419779418887,1.10519498510978,0.08018649419629,0.116036070010706
829,"Chill",-124,-0.0498004410929835,0.943044545702233,0.0877880533575722,0.118346853174289
830,"Chill",-123,-0.0487232202501211,0.892321852322997,0.0862705341550961,0.114604206554914
831,"Chill",-122,-0.0370911276679305,0.77840577860944,0.0957228269366711,0.117551891561795
901,"Chill",-121,-0.0022176123531076,0.749537870750815,0.103751860135259,0.11947715387089
902,"Chill",-120,-0.0101037858313478,0.660618722422083,0.11053450399913,0.119885862059107
903,"Chill",-119,0.0152066496887526,0.688415831957761,0.121437684026461,0.12610379767872
904,"Chill",-118,0.00777972315183286,0.655056136156975,0.124375640527622,0.117509064969
905,"Chill",-117,0.0246343799492216,0.775961584772532,0.138287548202651,0.13133433379055
906,"Chill",-116,0.0281789068835379,0.655778867819362,0.141736717050114,0.126032917372856
907,"Chill",-115,0.019565808846466,0.656650270932177,0.153441601003713,0.13365352971877
908,"Chill",-114,0.0165571876957551,0.577210012042632,0.160362187624846,0.138986822181357
909,"Chill",-113,0.00626838897037465,0.533433441976332,0.169886327672112,0.146361021176574
910,"Chill",-112,0.0135801583986403,0.586537937737552,0.179807160501413,0.157315048041897
911,"Chill",-111,0.014976609371293,0.544105573422589,0.198997538632873,0.171125075212766
912,"Chill",-110,-0.00914951564644571,0.53610555588169,0.20508941752489,0.172406000623733
913,"Chill",-109,-0.018164792790525,0.558409193929714,0.221874521074746,0.181234442472304
914,"Chill",-108,0.00871415550174774,0.569085439977826,0.230726409074359,0.179605720577354
915,"Chill",-107,0.0269043830888027,0.60814285919057,0.241003600922302,0.186708865972085
916,"Chill",-106,0.0356356463067526,0.581609615649753,0.253341695761211,0.190762580374028
917,"Chill",-105,0.0316751783496528,0.556595614970777,0.268194439124592,0.200564369527025
918,"Chill",-104,0.0464934359796338,0.583545477032758,0.277407296216864,0.196064304950457
919,"Chill",-103,0.0415386082772043,0.605746216217423,0.286981220797647,0.194344641646161
920,"Chill",-102,0.0401963878668934,0.60519347416944,0.301603521386277,0.187789848191531
921,"Chill",-101,0.0229821465306533,0.587805753295054,0.319112219869601,0.183673846324103
922,"Chill",-100,0.0148573073880655,0.688148689765871,0.312359776347514,0.172756461064615
923,"Chill",-99,0.0197551842317662,0.736366012376574,0.328192765397113,0.17116048218288
924,"Chill",-98,0.0294186788006604,0.727450888936551,0.321485195537831,0.16996497834478
925,"Chill",-97,0.0223606624819299,0.66680794111329,0.335834834483845,0.177808479608209
926,"Chill",-96,-0.00566548876010588,0.582955828690198,0.343083756411507,0.177438341380317
927,"Chill",-95,-0.0168162216794636,0.610494311887497,0.36235968284361,0.179390684488304
928,"Chill",-94,-0.012437576225153,0.569945237348992,0.363669559138598,0.185819622822622
929,"Chill",-93,0.00155994261377814,0.57558427425883,0.37211485688237,0.184836109371188
930,"Chill",-92,-0.00160906566480988,0.460944012050163,0.39130933406493,0.178108885742558
1001,"Chill",-91,-0.00226160040108845,0.520853440273658,0.398429159861707,0.169116090046073
1002,"Chill",-90,0.0235816943244448,0.370021452938774,0.399548807269652,0.178238029548887
1003,"Chill",-89,0.0483804339229874,0.403846683968016,0.420224478050457,0.169185022142404
1004,"Chill",-88,0.0108050912216675,0.245567257648066,0.42644651042924,0.169829516427525
1005,"Chill",-87,0.00105959067853781,0.281694981543522,0.446807617725903,0.172659540657733
1006,"Chill",-86,-0.0467772386098349,0.566343564879882,0.458635168149334,0.178158618677549
1007,"Chill",-85,-0.0271093453044995,0.46769815905906,0.472639416786789,0.182867513565808
1008,"Chill",-84,-0.00776239368431145,0.443524943446367,0.477144810678589,0.18047495503373
1009,"Chill",-83,-0.0159175887798183,0.444981264386132,0.493530898425586,0.182834813403984
1010,"Chill",-82,-0.0420009097470516,0.75637122670872,0.511584300691028,0.189712249717299
1011,"Chill",-81,-0.0600633083217152,0.628983677751523,0.519537719275002,0.19138993440161
1012,"Chill",-80,-0.0226374315811577,0.353561293289994,0.531076567005173,0.181460179920632
1013,"Chill",-79,-0.0271969402097192,0.456659610196805,0.557950321766985,0.178621165948362
1014,"Chill",-78,-0.0376425271022587,0.397918047830987,0.56728976786449,0.174556736320549
1015,"Chill",-77,0.0195812836735881,0.169903651283349,0.580431589557573,0.172360411035157
1016,"Chill",-76,0.0186791636681663,0.180657807961781,0.591697393920242,0.167616605167183
1017,"Chill",-75,0.0330557700917697,0.419533169130669,0.596360096688062,0.156854910985151
1018,"Chill",-74,0.00824180700418713,0.479639887988675,0.610560473296045,0.158469789950932
1019,"Chill",-73,0.0266251852089376,0.671515965958669,0.620803730306686,0.16174991761013
1020,"Chill",-72,0.0130891662517764,0.622856853417655,0.63682548557935,0.156016809571295
1021,"Chill",-71,0.0271556179949197,1.03776161488346,0.641970444787551,0.164376314001414
1022,"Chill",-70,0.0623166396083917,1.09739470718125,0.65774243318119,0.163320591304782
1023,"Chill",-69,0.0500920380878096,1.11333107624389,0.657130001431922,0.161687708962272
1024,"Chill",-68,0.00371721293603472,1.05322583501404,0.662361468509353,0.151990438305414
1025,"Chill",-67,0.00177875891790246,1.04415981472375,0.661788875691446,0.149643109640855
1026,"Chill",-66,-0.0226235788188949,0.914534427140112,0.677471984119077,0.141197173270912
1027,"Chill",-65,0.018487205347199,0.866070107910536,0.680838544516363,0.1361262783528
1028,"Chill",-64,0.0252453834063232,1.04047058293595,0.694180137535162,0.123070166289188
1029,"Chill",-63,0.0481993441588517,0.785984171609969,0.693654394442593,0.1176109136461
1030,"Chill",-62,-0.0154249020177908,0.402389193512916,0.70605714907614,0.109858710878575
1031,"Chill",-61,0.0406722937767838,0.681671455591028,0.699748034070016,0.123916953768965
1101,"Chill",-60,0.0148430241537517,0.262542758019784,0.706554253287789,0.110598706414138
1102,"Chill",-59,0.0103472100111882,0.269730697083326,0.701068247410536,0.0931603710619788
1103,"Chill",-58,0.0091692349471652,0.128191378904584,0.719527114951273,0.0888360267212526
1104,"Chill",-57,0.0278989665582272,0.201418779191081,0.712456249928581,0.0981448971263445
1105,"Chill",-56,0.0206574440642363,0.154219065236273,0.734285455816378,0.0758901276832512
1106,"Chill",-55,0.0218780880958287,0.404932726246548,0.728995662091534,0.0729285998441062
1107,"Chill",-54,-0.0119718894049962,0.147567360557633,0.735118051899432,0.0690583327640066
1108,"Chill",-53,-0.0180750767149489,0.682590940798788,0.733829691324146,0.0757653655221937
1109,"Chill",-52,-0.0128281940993225,0.209691677397176,0.746040173479728,0.0642244009793503
1110,"Chill",-51,-0.0579132131171082,0.454465589103017,0.728201746261644,0.0723480322190075
1111,"Chill",-50,-0.0707440508296967,0.726070518765929,0.737241917018848,0.0813569127809759
1112,"Chill",-49,-0.100137177219448,0.76895992051656,0.72898773768552,0.0853207894756376
1113,"Chill",-48,-0.10202901237922,0.976472143760035,0.733150565797947,0.0761402243125783
1114,"Chill",-47,-0.154942702827275,1.20693971755195,0.737515904691598,0.0725750078975798
1115,"Chill",-46,-0.000832654987331365,0.397837635976043,0.737651508477881,0.0769571872244539
1116,"Chill",-45,0.00743078993098402,0.298365652232201,0.718127112882239,0.098242369673593
1117,"Chill",-44,0.00948241728535015,0.303764634607614,0.705344266781446,0.105066282192229
1118,"Chill",-43,-0.0017536494246027,0.531550032703667,0.701026610477937,0.109924844797738
1119,"Chill",-42,0.0156032179771242,0.288081565889399,0.705144616895912,0.116961575587004
1120,"Chill",-41,0.0137912008531457,0.175058790238446,0.702180276811054,0.102297900762901
1121,"Chill",-40,0.00528187967382654,0.149479270139879,0.70445572299684,0.0983303499856024
1122,"Chill",-39,-0.0266974110863355,0.283212963350877,0.712370339855179,0.102009161435215
1123,"Chill",-38,0.0625727148892172,0.484000263494196,0.712809954080802,0.105065680167993
1124,"Chill",-37,0.0602323300066857,0.555448618779007,0.702516060419798,0.108110373403381
1125,"Chill",-36,0.0816151205194449,0.662887645439767,0.684855202315547,0.114338582104461
1126,"Chill",-35,0.00945658875416717,0.458070419777517,0.674337529407492,0.115219937079634
1127,"Chill",-34,0.0441734558040943,0.420195519089605,0.678166598034814,0.125705386361507
1128,"Chill",-33,0.0711839726775307,0.533721492139988,0.691195673463694,0.131358943344643
1129,"Chill",-32,0.0611545642299052,0.525232822219428,0.696688498183264,0.125878000274143
1130,"Chill",-31,0.0169324070407068,0.191992620430479,0.688512215071548,0.122216322261993
1201,"Chill",-30,-0.0289118872306854,0.459878587608358,0.677941387926595,0.129148470159488
1202,"Chill",-29,0.0093442612819676,0.402826687200255,0.677238054883795,0.14953145037539
1203,"Chill",-28,0.0393457258887387,0.351450361912313,0.66157175392853,0.148494826244637
1204,"Chill",-27,0.0115435486638217,0.159643414568024,0.666249400985489,0.151098503228181
1205,"Chill",-26,0.00704961816047211,0.227734809741769,0.662477057199152,0.143075520773836
1206,"Chill",-25,-0.038677849922651,0.369755726443574,0.660722783368999,0.147836048214296
1207,"Chill",-24,-0.0704031892210191,0.670049854097239,0.665658861552728,0.156222295312982
1208,"Chill",-23,-0.118476167178966,0.976927726440621,0.667796024340045,0.160513298393051
1209,"Chill",-22,-0.107600022221252,0.835010221916968,0.651790489372915,0.162948528437159
1210,"Chill",-21,-0.078096445255442,0.682089978363943,0.649703865594349,0.157683989191555
1211,"Chill",-20,-0.0442769689720192,0.354827229158403,0.64531329365153,0.151662817975458
1212,"Chill",-19,0.000133585340683088,0.172666611496705,0.64135291110091,0.158871700868912
1213,"Chill",-18,0.0100417314052633,0.159310420245393,0.638990610755984,0.158068201198766
1214,"Chill",-17,-0.0697906643765276,0.650336935354152,0.63897804371394,0.15692039695159
1215,"Chill",-16,-0.0904706218907232,0.903130555035579,0.638478346311268,0.154100490830971
1216,"Chill",-15,-0.0996430824110088,1.08782144644385,0.638761285080076,0.156991205964848
1217,"Chill",-14,-0.089641927091938,0.882599625420654,0.650209512808488,0.149208701816801
1218,"Chill",-13,-0.0470812838535763,0.785942213168509,0.653639724304876,0.159591898966959
1219,"Chill",-12,0.032506244200531,0.633644195195897,0.643700033532051,0.158332433501899
1220,"Chill",-11,-0.0135091858329732,0.575190878474283,0.654750272036966,0.147811105443085
1221,"Chill",-10,-0.0633185573188658,0.911333055021633,0.638534551556296,0.149337539152673
1222,"Chill",-9,-0.0657847513019479,1.06874424811562,0.637599568393891,0.168656515414502
1223,"Chill",-8,-0.0532516218911502,1.10876816180367,0.631367490630377,0.165420816856447
1224,"Chill",-7,-0.0649217378274603,1.02410975123413,0.626452732451404,0.175281149796541
1225,"Chill",-6,-0.0299129369676261,0.588187363805878,0.629455721878038,0.197569156934991
1226,"Chill",-5,0.00326499923183488,0.507520246177174,0.617217587187817,0.210547189345386
1227,"Chill",-4,0.0289731777078234,0.449305904188129,0.617819874216779,0.207972450784714
1228,"Chill",-3,0.0419285779659627,0.498151263935098,0.606265085021161,0.214972153299294
1229,"Chill",-2,0.0530061882430124,0.489583694694627,0.59528316961801,0.216875824272104
1230,"Chill",-1,0.00409073959390959,0.347941607337552,0.591148426200664,0.2214058880495
1231,"Chill",0,-0.0257584813229962,0.621637211067716,0.593091611657719,0.217026201791075
101,"Chill",1,-0.0279367019651844,0.594324235460283,0.591900185610657,0.223397717850093
102,"Chill",2,-0.0316739909298793,0.619953027457248,0.596923622235453,0.232560733405261
103,"Chill",3,-0.0840295381945888,0.814153965356599,0.602071514306012,0.229995785561219
104,"Chill",4,-0.0666418376424464,0.79138513388232,0.61175492190682,0.225069665393721
105,"Chill",5,-0.0475265496775523,0.726143444340707,0.593518724586832,0.222669752371421
106,"Chill",6,-0.021232208449577,0.649177483953252,0.603687343418358,0.213726762968951
107,"Chill",7,-0.0767804637239227,0.950364480962264,0.604970658109109,0.21758062107648
108,"Chill",8,-0.0773189874515945,1.08164791642025,0.604766950225709,0.221165959157243
109,"Chill",9,-0.0947689308542541,1.14130985602773,0.610679370281789,0.22079706793982
110,"Chill",10,-0.0871398962200955,1.1436072769282,0.612364460643083,0.243095741717814
111,"Chill",11,-0.0442933349445338,0.972845328332119,0.596227295787028,0.238554858899029
112,"Chill",12,-0.0441040699394573,1.0097060134449,0.607592739116785,0.245066572067839
113,"Chill",13,-0.0481873622651993,1.0704680036821,0.598123822431015,0.249699891780191
114,"Chill",14,-0.038841460580905,1.10816820599246,0.60045684862155,0.260846373088523
115,"Chill",15,-0.0680636565479973,1.25744713469011,0.593960501647518,0.261087659166251
116,"Chill",16,-0.0675312345127319,1.29864268377717,0.607315659078252,0.24186581759548
117,"Chill",17,-0.111557850330729,1.48759859136726,0.611429000004543,0.235071415892749
118,"Chill",18,-0.0582555307448687,1.03488220491293,0.628552051036488,0.190835323389615
119,"Chill",19,-0.0692658645911744,0.9163721518995,0.62592423468912,0.18458790241629
120,"Chill",20,-0.0603383919039795,0.768791895186811,0.625337329379223,0.18258568142436
121,"Chill",21,-0.0537650037120957,0.744952060270698,0.620039873631443,0.186791044373554
122,"Chill",22,-0.0625624559020951,0.76669230356998,0.639520902076675,0.180835855779644
123,"Chill",23,-0.050296366908458,0.692674522070816,0.643985405805962,0.178884458690905
124,"Chill",24,-0.00369746739372511,0.348503498513692,0.657887577217985,0.184912527516668
125,"Chill",25,0.0185876014360125,0.30910999878439,0.650747149504836,0.189416553121667
126,"Chill",26,0.0306154827136447,0.317755146673069,0.654378568159227,0.198447788505397
127,"Chill",27,0.0128284228441675,0.174932351576232,0.646090754831542,0.184887431843707
128,"Chill",28,0.0139001983670134,0.197892382147742,0.638197378625321,0.17622457748761
129,"Chill",29,-0.0163395407403,0.470295205034587,0.630883793852586,0.188308544920911
130,"Chill",30,-0.0289966705706657,0.657456310759991,0.64694514525803,0.187141532408034
131,"Chill",31,-0.0528640359240251,0.773197311557018,0.647550024687294,0.186074714908127
201,"Chill",32,-0.035066117167548,0.76421101598304,0.665617689049851,0.175399367264542
202,"Chill",33,-0.0288158122655155,0.735606162839973,0.653031374697023,0.171379004646217
203,"Chill",34,-0.0354650682874499,0.574998685445762,0.654224179523063,0.151451243909554
204,"Chill",35,-0.0622187920779582,0.810909394634152,0.64564375164021,0.155698572072416
205,"Chill",36,-0.0708872914461316,0.922554158405729,0.654028333339657,0.1694816848176
206,"Chill",37,-0.0586000251988626,0.796319396358643,0.646059961351622,0.181193071701531
207,"Chill",38,-0.0479718650592878,0.740603160101461,0.644871289175441,0.202431772688953
208,"Chill",39,-0.0480204280438946,0.714875872878647,0.640156307106337,0.207030123281192
209,"Chill",40,-0.0651474549585057,0.962880711599733,0.625885793962197,0.212766554737017
210,"Chill",41,-0.074958665684452,0.998249258737949,0.607788671948716,0.202866648176172
211,"Chill",42,-0.0891363837186118,1.14511354521924,0.620443223045947,0.204571691368333
212,"Chill",43,-0.130166956044305,1.37107544494697,0.618165244352475,0.202891644424413
213,"Chill",44,-0.164724315788289,1.60239901962629,0.61798006276413,0.201302303550502
214,"Chill",45,-0.147888262123466,1.70649689192752,0.609024984027808,0.189806244100269
215,"Chill",46,-0.14558763663331,1.73562037260249,0.613006428139476,0.189328873422643
216,"Chill",47,-0.124767760594317,1.57147742096831,0.626539099093377,0.172154642558949
217,"Chill",48,-0.145904591856193,1.71154920665949,0.627840726183736,0.178034464336783
218,"Chill",49,-0.112048127643768,1.66365088821986,0.634192325471063,0.177892044248256
219,"Chill",50,-0.147906906482605,1.69220059159234,0.644709206706852,0.174942009439936
220,"Chill",51,-0.136155069835228,1.6172881978938,0.649055528419625,0.181160110333953
221,"Chill",52,-0.188082098710834,1.87457148043702,0.667762147074472,0.163825295602216
222,"Chill",53,-0.103028314256944,1.27557281273879,0.662025799689736,0.169129020783595
223,"Chill",54,-0.101512446019978,1.19672978115647,0.6667182665216,0.169620126613822
224,"Chill",55,-0.0437626109883717,1.01570500958461,0.674751622683981,0.159880801036664
225,"Chill",56,-0.0615795692524146,1.0650734991327,0.684759003192424,0.161319137357431
226,"Chill",57,-0.0841882959551835,1.03864701778008,0.687472126768758,0.157786493775518
227,"Chill",58,-0.135794754192281,1.47322716569272,0.680216961051659,0.131759459535035
228,"Chill",59,-0.0876197643759178,1.24136878307286,0.689997705925484,0.119803374550981
301,"Chill",60,-0.171022736174761,1.59196791814326,0.70265934585958,0.10889456429288
302,"Chill",61,-0.0903945241663794,1.1551304040422,0.705586465068104,0.128853877351622
303,"Chill",62,-0.0629187061168215,0.701624146742967,0.705220029287983,0.131808822300668
304,"Chill",63,0.0473545435187308,0.512377841618114,0.707162120350363,0.108212132719958
305,"Chill",64,-0.0730971435403575,0.670945150723993,0.716037023532082,0.092733609791988
306,"Chill",65,-0.00748009293855892,0.239864541531752,0.717372450923711,0.0939073865597069
307,"Chill",66,-0.0363693407453922,0.434632994011164,0.708859996275279,0.0867804695687241
308,"Chill",67,-0.0144870364214613,0.112085823551972,0.711122812892966,0.0945166069820123
309,"Chill",68,-0.0287575611651028,0.200071516309181,0.71511774284145,0.103475693829708
310,"Chill",69,0.0348102186253119,0.257162660201655,0.718112389117567,0.0829204431422855
311,"Chill",70,-0.00783031542617157,0.145740373637102,0.721439555895427,0.073345319961791
312,"Chill",71,0.0475836583233658,0.672461078033572,0.719148648904317,0.0728303785922615
313,"Chill",72,0.017566752065469,1.15033995684948,0.717923536585359,0.0719427632336588
314,"Chill",73,0.0271137183598935,0.814446633905055,0.723114476972745,0.088733664335781
315,"Chill",74,0.014259963514092,0.558025707026115,0.716030180921015,0.0799948284358523
316,"Chill",75,0.10202217253619,0.937424169073597,0.710277868715896,0.0839853536731806
317,"Chill",76,0.0976886363678863,0.935266854295653,0.708927331387922,0.0700500543443693
318,"Chill",77,0.0191007714523394,0.607220547435641,0.719000191358887,0.0727322202096284
319,"Chill",78,0.0387784514905636,0.654395278023645,0.711294672957929,0.0822157767954739
320,"Chill",79,0.0577466191013925,0.725401489149437,0.705611105545307,0.0893022537600033
321,"Chill",80,0.00546140195750988,0.794211245441658,0.70485055578104,0.0792500089906666
322,"Chill",81,0.0118892612668349,0.824389102604846,0.697288340993712,0.0915900457711367
323,"Chill",82,-0.0530653173759149,0.971963406037935,0.703257802803981,0.0891408338397357
324,"Chill",83,0.0296338854914734,0.568694033106248,0.692665435752474,0.0975135086686877
325,"Chill",84,0.0216287768592764,0.791342767299511,0.694025912963487,0.100585682149125
326,"Chill",85,0.0102275940874896,1.24197049466165,0.685856301338631,0.0998034988663805
327,"Chill",86,0.0226252747375214,1.02579225149988,0.672819291096956,0.105853528461596
328,"Chill",87,0.0278431368054915,1.28775562393092,0.662812209457901,0.101516367683467
329,"Chill",88,0.0559428961120373,1.5289321676776,0.657282153708346,0.116523554561554
330,"Chill",89,0.02246637157072,1.34825824466079,0.665702197873671,0.116358704750234
331,"Chill",90,-0.0386108072945966,1.54093967706792,0.657537072241697,0.106741071776741
401,"Chill",91,0.0343929341038559,1.50844342866484,0.651971242159267,0.113021635331288
402,"Chill",92,0.0726371863778595,1.56277659942038,0.655011199339384,0.116395594674543
403,"Chill",93,0.140878825172167,1.71059807012586,0.646581436203039,0.118532401961821
404,"Chill",94,0.0994655869588577,1.69249639245575,0.649683733746857,0.122867842758
405,"Chill",95,0.112222217908596,1.52288982568966,0.638818634250703,0.116361688219825
406,"Chill",96,0.098753285686981,1.13618749022922,0.639288627232029,0.12992575971247
407,"Chill",97,0.123559633846865,1.3259932681352,0.6547435553765,0.13417630142966
408,"Chill",98,0.112514911087993,1.20953425273424,0.650580206554739,0.131345644290137
409,"Chill",99,0.106375655598172,1.04442424013461,0.661216883224698,0.139326258197009
410,"Chill",100,0.0943662255665676,0.876850824529154,0.647185771133402,0.145069888720082
411,"Chill",101,0.158590409555657,1.19025824722785,0.641860726896475,0.149223844734647
412,"Chill",102,0.142440237461934,1.10681825137671,0.63739342821911,0.14122335676627
413,"Chill",103,0.0653543416565623,0.543267861620086,0.63548443348468,0.139021168724724
414,"Chill",104,0.0678794304035553,0.593371860635535,0.61459053809506,0.124621552652254
415,"Chill",105,0.0473663494283594,0.486983588190705,0.62104814820831,0.145056751210099
416,"Chill",106,0.0300897554874538,0.474631250385089,0.607296151481933,0.137308773423862
417,"Chill",107,0.0148985174979193,0.580075645156254,0.601500079026603,0.149424486919317
418,"Chill",108,0.0140573232127434,0.740833572062883,0.580247670940586,0.156719501346594
419,"Chill",109,-0.00799608303545866,0.724849275353574,0.567934690473072,0.162293639209801
420,"Chill",110,-0.0281909974447892,0.792772865245012,0.535588299451121,0.172146150287223
421,"Chill",111,0.010262785972842,0.766528381802292,0.536466745598149,0.181624650440099
422,"Chill",112,-0.0135924278235635,0.802690319061025,0.537895664796863,0.176703302550394
423,"Chill",113,-0.0110755450200892,0.803301025274618,0.533062109391754,0.174239725210451
424,"Chill",114,0.0205600092571218,0.971897881419905,0.523553330080952,0.184986485695703
425,"Chill",115,0.00118529914911134,0.941358209056136,0.53203871684889,0.192159305520262
426,"Chill",116,0.0176253473964044,1.06011371783337,0.510890026998188,0.20494319197522
427,"Chill",117,0.0227750207224641,1.03224618402773,0.511826788938603,0.201779976840489
428,"Chill",118,0.032186771611055,1.17163544001727,0.498694190068771,0.192431319424781
429,"Chill",119,0.00832221901893878,1.07249352915475,0.50467093574434,0.193823819599203
430,"Chill",120,0.0190066981507122,1.14467078472079,0.485167544895506,0.183571763019611
501,"Chill",121,0.0309090443056062,1.19905559357521,0.495219416724669,0.191410476984314
502,"Chill",122,0.0163901287838426,1.20496287024959,0.470829472837089,0.173982274307228
503,"Chill",123,0.017373514121658,1.17498661095289,0.457830474532391,0.179027060001114
504,"Chill",124,0.00391565253535167,1.05748324534479,0.442036347575306,0.178706730397695
505,"Chill",125,0.0101784916695204,1.12271932902635,0.424081669266678,0.1823145892753
506,"Chill",126,-0.0232949657727638,1.04592955290926,0.4020948344356,0.18798461737521
507,"Chill",127,-0.0322596993218422,0.94951267487295,0.388043770036653,0.190820120984397
508,"Chill",128,-0.0441677043248538,0.923852889426632,0.372622173098953,0.202690963982151
509,"Chill",129,-0.00754087705908195,0.856533501191517,0.370898459092313,0.208747320985122
701,"Heat",-183,0.0014222908317216,0.87221330778087,309.220675573119,41.7779133872908
702,"Heat",-182,0.00289017226816865,0.906467747281408,310.44084425091,41.7940026491291
703,"Heat",-181,0.00701299330759291,0.931256401492824,311.343248447238,41.054969940274
704,"Heat",-180,0.0299857926558913,0.971330902669785,312.980826360148,40.1861497406413
705,"Heat",-179,0.037313605561828,0.975791445289452,314.516704560623,39.0756399879413
706,"Heat",-178,0.0305368454068051,0.935945596077039,315.80389507944,39.0258633664476
707,"Heat",-177,0.0229905465202035,0.899675293516969,317.556471950898,37.1320038142126
708,"Heat",-176,0.00354698575461378,0.835826141718793,320.251040100057,36.0646034424624
709,"Heat",-175,-0.00522893331166157,0.841311779084278,321.598118090569,34.5255188305661
710,"Heat",-174,-0.00974378860156489,0.836254777285938,322.786176840336,34.0018395950344
711,"Heat",-173,-0.0112523466189786,0.812529394651851,322.857172159874,34.2519481226918
712,"Heat",-172,-0.017049002503401,0.795426635962643,322.6496589983,33.505470886734
713,"Heat",-171,-0.000413423904969864,0.707882845516339,321.726778574261,33.8676107814275
714,"Heat",-170,0.00102770333425368,0.641443356281508,322.721813275588,34.6309050579761
715,"Heat",-169,-0.0152151955039635,0.615051916249764,322.547944535493,36.0980672393789
716,"Heat",-168,-0.0243031052729657,0.603249566213548,322.931133013051,37.2093385951734
717,"Heat",-167,-0.0257218809439385,0.566154340487156,324.361419999271,38.3429437659785
718,"Heat",-166,-0.0129101907040102,0.543066756012461,324.109771937732,37.7666521181589
719,"Heat",-165,-0.0126098793519043,0.595760871475808,323.924288562661,36.549852514302
720,"Heat",-164,-0.00163176456441419,0.569410348122045,323.723687763951,36.5722153028497
721,"Heat",-163,0.00138975074618845,0.571334146076652,324.218695306836,34.7386087369045
722,"Heat",-162,-0.00132631424103151,0.540549460227421,325.787149126199,33.1491926819151
723,"Heat",-161,-0.0204402238209391,0.603585339779565,327.078449475628,31.4044916644328
724,"Heat",-160,-0.0378614742530516,0.642719782759114,329.93975202767,30.4292165957113
725,"Heat",-159,-0.0388541410071103,0.620161052675386,330.189120907053,31.3231443803158
726,"Heat",-158,-0.00843884877180018,0.425001910652985,330.44205583859,31.6575764507037
727,"Heat",-157,0.0205865471453653,0.313510680397807,331.59944319027,31.6494503840577
728,"Heat",-156,0.0346587314073966,0.305305629175535,331.364278290664,32.2643452953135
729,"Heat",-155,0.0148991677576737,0.184889104136054,332.824308135927,33.0262278416492
730,"Heat",-154,-0.00207552386311988,0.105155643180284,334.342311113426,32.6981428365933
731,"Heat",-153,-0.0146579561743523,0.159801282647136,335.83107249858,32.0508253337361
801,"Heat",-152,-0.016356050760677,0.161945716204726,335.544840297706,31.3187283293984
802,"Heat",-151,-0.0149799555984581,0.147657832519484,335.506982611927,31.7961734254394
803,"Heat",-150,-0.0108684756856373,0.155673063969205,335.711982553118,31.1893086234266
804,"Heat",-149,0.00463060589244628,0.214458292850294,334.9166626752,30.8903937609275
805,"Heat",-148,0.00292604978377876,0.258526382092141,334.901086262871,31.1940256413909
806,"Heat",-147,-0.0438923005502395,0.432837053199842,335.22356302893,30.7285812193242
807,"Heat",-146,-0.0807101494990713,0.678575493435853,334.048444716118,30.3300098063623
808,"Heat",-145,-0.0752275661949924,0.690944851041263,333.586568742001,29.3713547300431
809,"Heat",-144,-0.0760052441096709,0.705914517725834,333.240298912154,29.0073595195071
810,"Heat",-143,-0.0531023668462017,0.638953218994079,332.195525494348,28.8504829761732
811,"Heat",-142,-0.0322668118544346,0.65333227759591,330.875496372587,28.4963001246037
812,"Heat",-141,-0.0113320849379602,0.708794202737083,329.618585957921,29.7071039145543
813,"Heat",-140,-0.0331106320607745,0.96064262176446,327.209846982353,29.5660778481196
814,"Heat",-139,-0.0512234177990495,1.15760625561676,324.987602983117,29.602177507239
815,"Heat",-138,-0.0572091564657185,1.27333853256549,323.669088444561,30.3025077332123
816,"Heat",-137,-0.0489660126914414,1.29346098386923,321.61466878165,30.5267162843698
817,"Heat",-136,-0.019486903181478,1.30126955460836,320.068350145383,31.0059720465546
818,"Heat",-135,0.00549984658615853,1.32935684018656,318.50286596242,31.7079660413626
819,"Heat",-134,0.00771301726580121,1.40259996281421,316.573052190942,32.5344395524394
820,"Heat",-133,0.034099264150067,1.37872903230375,313.452659633299,33.591298266747
821,"Heat",-132,0.0209095272848776,1.3901994326395,310.845878599145,35.3231534644463
822,"Heat",-131,-0.0117638972340938,1.45051429398128,308.305315266188,36.4396346391488
823,"Heat",-130,-0.0168079637525424,1.41972025121989,305.416779279387,37.342922721632
824,"Heat",-129,0.0105073541086231,1.24686162975983,303.046935080106,37.3282549274183
825,"Heat",-128,0.0265437980553197,1.10984138638124,299.986433947765,38.0512197732675
826,"Heat",-127,0.040634193553868,1.07715806792801,295.188783783268,37.46798079152
827,"Heat",-126,0.0532868338010346,1.04978458653365,292.060280259312,38.5608758994097
828,"Heat",-125,0.0586725396971205,0.984463695165885,289.165304762944,39.6454669872976
829,"Heat",-124,0.0634670044443505,0.9380187928218,286.504674072125,39.7063925697188
830,"Heat",-123,0.0596024072530219,0.906213979050581,283.090631036566,39.2966310600268
831,"Heat",-122,0.0399688560342778,0.861811455426173,279.937229039298,40.0618844208407
901,"Heat",-121,0.0217259393358098,0.821250777461075,274.984121189544,40.4700290847095
902,"Heat",-120,0.02450309173064,0.792216866825175,271.377320853641,41.2148696024599
903,"Heat",-119,0.0203412469366952,0.733347107618046,268.647530462975,40.8956119202518
904,"Heat",-118,0.0178540868852728,0.712031472806962,266.511913664921,41.8890633269687
905,"Heat",-117,0.0209790652222448,0.67166371283826,264.105052230471,43.9117371990304
906,"Heat",-116,0.0151091387796809,0.631567730143544,263.29674140365,45.0206544111185
907,"Heat",-115,0.00191475400140461,0.625503968265544,260.592830156682,44.906259035055
908,"Heat",-114,0.00637341298004245,0.620169699899533,256.687706405368,45.2084186189715
909,"Heat",-113,0.00097050752018186,0.583386360521253,253.025371951869,46.1155010243126
910,"Heat",-112,-0.0113588411232559,0.56115436941828,249.798117479645,46.855376813982
911,"Heat",-111,-0.0185037716014719,0.539294155788009,246.738604481191,47.2540064848092
912,"Heat",-110,-0.0113190514266379,0.498679519966755,244.591818565019,48.4521792755097
913,"Heat",-109,-0.0131751741440122,0.5192059184991,241.131039349051,49.7667973327103
914,"Heat",-108,-0.0341609069309838,0.582945815794391,238.062388968743,50.8189628611796
915,"Heat",-107,-0.0605992355453295,0.684126689385297,234.088830502965,52.2326579619311
916,"Heat",-106,-0.0724847274795635,0.716717622374408,230.432448985835,54.3693174494953
917,"Heat",-105,-0.0760252916540679,0.712183017843057,226.737131706399,56.6624785204126
918,"Heat",-104,-0.0754360726417279,0.704567016323072,222.693654184035,56.6217824240476
919,"Heat",-103,-0.0760850121297455,0.723116093315987,220.37238141652,56.6676214966463
920,"Heat",-102,-0.0768491656381876,0.738841791982686,217.696767222316,57.0577751580317
921,"Heat",-101,-0.076049638424172,0.756654851738206,215.124779726801,56.5527547203077
922,"Heat",-100,-0.0638512531382868,0.742858888717,212.415267465058,54.7362826066295
923,"Heat",-99,-0.0513799561854456,0.722640190070248,209.490178826831,52.8534471339891
924,"Heat",-98,-0.037249032972458,0.651260501928056,208.598220074496,52.7733076372357
925,"Heat",-97,-0.0178577008744542,0.577714822613064,205.902884183724,53.2322683574193
926,"Heat",-96,-0.00620312689197151,0.531947376640197,202.227039569361,53.0606314044256
927,"Heat",-95,0.0058997171541399,0.524908231474922,199.260137386045,52.5804890925294
928,"Heat",-94,0.00951267257662956,0.510000842899768,195.665453502438,53.4607029566831
929,"Heat",-93,-0.000867076860342705,0.49181975668878,194.091833098134,53.4291633516958
930,"Heat",-92,-0.0127449562479496,0.461128272650418,191.014293367749,51.6908219658252
1001,"Heat",-91,-0.0131492683901694,0.421478888069224,188.407794590663,49.8713158653654
1002,"Heat",-90,-0.00733709409390297,0.358420334452362,185.4649388581,49.644207920995
1003,"Heat",-89,-0.00899813208994962,0.30837400621037,180.692708835949,49.1781569170163
1004,"Heat",-88,-0.00645606513440247,0.323914807924646,177.519922007359,50.0031519378005
1005,"Heat",-87,-0.0040254468460767,0.383605669725312,173.314962935746,51.091867800514
1006,"Heat",-86,0.00398715472649171,0.490222603475701,169.499539111493,53.1240194089705
1007,"Heat",-85,0.0200640863959948,0.586312216031104,165.131056352751,53.7995241916068
1008,"Heat",-84,0.0129819786349918,0.597042718716036,160.085681470968,54.3224778522813
1009,"Heat",-83,0.00608799275251576,0.6098910516546,155.385797387677,55.5901985199241
1010,"Heat",-82,0.0174111554615426,0.61101450678,150.189834246472,56.6171580537989
1011,"Heat",-81,0.0227149427110555,0.550786534978803,144.524910697658,57.7144463471231
1012,"Heat",-80,0.0116105606247827,0.434132012660086,137.790361794443,57.5480735264435
1013,"Heat",-79,0.00889282873393436,0.337008786561855,131.693095305977,57.6021049830605
1014,"Heat",-78,-0.00438822721800688,0.212435789575927,127.669499926393,57.2226162663152
1015,"Heat",-77,-0.0145670352082573,0.152622067095078,122.436800922231,57.0894490059527
1016,"Heat",-76,-0.0205158191456785,0.163349326504819,117.107034675306,56.508301462383
1017,"Heat",-75,-0.019096060013729,0.278268940738396,113.219298940854,55.9153366755793
1018,"Heat",-74,-0.0184114190939529,0.412461909749571,110.659024008836,55.1166645062374
1019,"Heat",-73,-0.00551107932314742,0.500707102098003,107.773124372708,53.8009629274224
1020,"Heat",-72,0.0121961891220216,0.605705878870419,104.463631939139,53.0838835006857
1021,"Heat",-71,0.0131155906972828,0.742526142841382,101.52181451713,53.7607069113419
1022,"Heat",-70,0.00648795992760391,0.806539108049331,99.0727637325464,54.9484445006086
1023,"Heat",-69,0.00862808836263686,0.853957599404447,98.0499694859353,55.0087594903324
1024,"Heat",-68,0.0219560631321124,0.841056376529364,95.6395214757974,53.8436055789435
1025,"Heat",-67,0.0400301933805466,0.843456401341638,92.6867789023341,53.4546687188079
1026,"Heat",-66,0.0484943151083898,0.821356837438588,90.0743342377361,51.9505697935278
1027,"Heat",-65,0.0545273522917899,0.776702472735997,87.6197592260548,48.6355496753862
1028,"Heat",-64,0.0471542405551718,0.698786215523187,85.2623928318821,46.4730344375552
1029,"Heat",-63,0.0477628430694289,0.626602810397792,82.2933936198087,45.4985195240914
1030,"Heat",-62,0.0430996221061692,0.567755747660401,79.4245299615757,44.2750378256494
1031,"Heat",-61,0.0419089542905426,0.539009488434141,75.63785468994,41.8594543745827
1101,"Heat",-60,0.0538257818753489,0.524287097851118,71.4525879402349,39.8147331920298
1102,"Heat",-59,0.0706826315105139,0.561527668188176,67.6787561155542,37.6541570462067
1103,"Heat",-58,0.0951550539165807,0.703052850296573,63.376836503968,36.2058703399706
1104,"Heat",-57,0.0942751648174103,0.706912864616486,60.7199151258279,34.6360315361043
1105,"Heat",-56,0.0896269848401235,0.685811208140483,58.0707672199687,32.8493411260655
1106,"Heat",-55,0.0858036447299158,0.685769752941765,55.3134939875773,31.3756910445675
1107,"Heat",-54,0.0818828153511365,0.656343907443618,51.7908230659944,31.8357041622233
1108,"Heat",-53,0.0903291972441899,0.699147961781413,47.5480164902349,31.2710612102614
1109,"Heat",-52,0.0865125889443329,0.682681903306741,44.3891250870194,30.2644286948669
1110,"Heat",-51,0.0854229627453842,0.685515577769291,42.0209228235795,29.8964545394198
1111,"Heat",-50,0.0801756918984623,0.637443547913583,40.4235180431054,28.8359932694424
1112,"Heat",-49,0.0758087579523993,0.616849039133221,38.8785225346159,27.9677455263971
1113,"Heat",-48,0.0676960516562848,0.623493954746466,37.4129981631709,28.3575749280897
1114,"Heat",-47,0.0589638708587956,0.615186349723897,35.9980589978141,28.5102923719871
1115,"Heat",-46,0.0483515567860758,0.55380039013285,34.3147613243853,28.5874207645034
1116,"Heat",-45,0.0445718119800164,0.505938741663417,32.7109292907512,28.6585200868446
1117,"Heat",-44,0.0573949329398121,0.513630275516729,31.83949576686,28.8350450315122
1118,"Heat",-43,0.0681625174439696,0.538846152869432,31.4352206167839,29.8019909636129
1119,"Heat",-42,0.066575642297545,0.52771278450743,31.0170502266778,30.7546253705625
1120,"Heat",-41,0.0724030263760882,0.564635422775034,30.0599259961938,30.3786028296377
1121,"Heat",-40,0.0772034078287008,0.608674533781202,28.5195423417875,28.3375543720188
1122,"Heat",-39,0.0850049992801316,0.669964139859727,26.9432721567732,26.8746267081008
1123,"Heat",-38,0.0871623761401971,0.696280346755948,25.4053607395852,25.2761737542427
1124,"Heat",-37,0.0965239728162256,0.738783568982009,24.2186060049882,24.0543739989107
1125,"Heat",-36,0.0951752539824682,0.708988930994001,22.9688004332021,22.5429903615038
1126,"Heat",-35,0.0956212702024505,0.724725093700891,22.0533097035523,20.9836651192988
1127,"Heat",-34,0.102425425787017,0.777914413000815,21.2664937538755,19.8581170939497
1128,"Heat",-33,0.0939587335123868,0.761866100730102,19.9590422315003,19.0881496387263
1129,"Heat",-32,0.0772849181762238,0.681945459962376,18.3690717408136,18.4358509384417
1130,"Heat",-31,0.076956862768059,0.665205895130916,17.4263278010253,19.5554494958043
1201,"Heat",-30,0.0771264164986791,0.649898223807442,16.4138605496155,19.3414508415285
1202,"Heat",-29,0.0779601499877865,0.6347245935941,15.9017592461974,20.0447012379462
1203,"Heat",-28,0.072873911461465,0.593848607527403,15.8765005530142,20.7784459778012
1204,"Heat",-27,0.0676548695201842,0.557911666532127,15.9707263813962,20.8395691692473
1205,"Heat",-26,0.05703748859052,0.496898010022943,15.6772867532526,20.7097643379655
1206,"Heat",-25,0.0671693011865062,0.568770205617893,15.581609228835,21.1322518401305
1207,"Heat",-24,0.0830531207339857,0.673054350375454,15.4066402488238,21.1607491836194
1208,"Heat",-23,0.0860298158740674,0.670189243302279,14.9965266351066,20.3721474634943
1209,"Heat",-22,0.079919564499746,0.600800363439743,14.4185046568065,18.9584738094391
1210,"Heat",-21,0.0766007358054652,0.573555506660269,14.0620163441756,18.1300934615927
1211,"Heat",-20,0.0689580996296407,0.510163540323808,13.3158849953073,16.3537696184339
1212,"Heat",-19,0.0510639249500525,0.378952446500787,13.1283067871585,15.8445290583674
1213,"Heat",-18,0.0232058259633283,0.222213691433272,13.0168929404479,15.1477700833157
1214,"Heat",-17,-0.00814678857885962,0.231215964828806,12.9208720888796,14.8657483799019
1215,"Heat",-16,-0.0175870414775912,0.315876358567848,12.6790308862111,15.1279854394784
1216,"Heat",-15,-0.0277306752690593,0.399280407509866,12.7414842133654,15.9757564122133
1217,"Heat",-14,-0.0439290781260609,0.496983540556587,12.7060942845022,16.3665390025349
1218,"Heat",-13,-0.0619650490191183,0.606145814518077,12.8952381721215,16.5522810629044
1219,"Heat",-12,-0.060697271831563,0.644632429839655,13.4022862600061,17.1167578370864
1220,"Heat",-11,-0.0344163477536089,0.559346820763161,13.9497782471242,17.8247785076027
1221,"Heat",-10,-0.0118576854631331,0.49519617121476,14.2011979447029,18.8144484187404
1222,"Heat",-9,0.00591153979797744,0.49910394691216,14.4965679754394,18.7896383648342
1223,"Heat",-8,0.0340148873957834,0.546140207069905,14.6161411303692,17.7166093794438
1224,"Heat",-7,0.0651810983621474,0.631196146877811,14.445986431666,17.4487835973589
1225,"Heat",-6,0.0899885748770107,0.758110356755336,14.0368921049575,17.0334677764701
1226,"Heat",-5,0.0989285064004425,0.816784963818069,14.114733173605,16.5425078182874
1227,"Heat",-4,0.108908558514658,0.868243356547465,13.8078339652134,16.1375537504389
1228,"Heat",-3,0.111460664641294,0.892988193783018,13.5821290452898,15.8600935109449
1229,"Heat",-2,0.105561309810806,0.875827040396465,12.9298032543079,15.4258801255449
1230,"Heat",-1,0.102967522445588,0.858590500209453,12.1971735204568,14.5699500313269
1231,"Heat",0,0.0816740523079207,0.755195714678646,11.7037833299503,13.9545095932602
101,"Heat",1,0.0560913989884661,0.736352167301277,11.6158700940211,13.5842616127509
102,"Heat",2,0.0386051788104885,0.826794127041237,11.3062182466086,12.7306657475279
103,"Heat",3,-0.00352245716134153,0.977157011174682,11.0146751172293,12.318750632343
104,"Heat",4,-0.0313627894716267,1.16419665260562,11.16638334227,13.1505612533917
105,"Heat",5,-0.0440954656589613,1.2131750608578,11.5531895886738,13.8240864707323
106,"Heat",6,-0.0466220885420528,1.25520237269757,11.6049796864511,13.9274398512442
107,"Heat",7,-0.0426943810056252,1.24259775423184,11.6408347314392,14.2760957789049
108,"Heat",8,-0.0484381321616296,1.22267299557188,11.7316150535627,14.8366963905069
109,"Heat",9,-0.0446416563242298,1.19669532454046,11.689518922712,15.1617360247082
110,"Heat",10,-0.053220073035151,1.20253529193427,11.5818737269809,15.4693428235777
111,"Heat",11,-0.0583715058157945,1.21151894111553,11.5620487359958,15.9989994187819
112,"Heat",12,-0.0549947831896877,1.18787884685665,10.9921846842363,15.6001033714515
113,"Heat",13,-0.0465490706176667,1.11006291462271,10.7822193771181,15.5127526364472
114,"Heat",14,-0.0330724124351889,1.00805298614512,10.6284666254744,15.4620746296436
115,"Heat",15,-0.0192333940822902,0.886688453950404,10.3891265678782,15.584716905395
116,"Heat",16,-0.0256500556860232,0.887863995560961,9.84692412267166,15.1537734169722
117,"Heat",17,-0.0275274543114654,0.89641928640635,9.58635181315796,14.3812848592347
118,"Heat",18,-0.0366889807210359,0.922807900723426,9.62226680146142,13.8325272942769
119,"Heat",19,-0.0325579353095311,0.901805318708323,9.37585127385658,13.23926613867
120,"Heat",20,-0.0290423605586738,0.841854242291595,9.81147222048637,13.1771809592262
121,"Heat",21,-0.0184918498118436,0.790886313038645,9.92587311197779,12.7397784656359
122,"Heat",22,-0.024392756834501,0.748104159816605,9.82935160265533,12.4475872871942
123,"Heat",23,-0.0407697082424526,0.751548692586825,10.2707921272575,13.263499836137
124,"Heat",24,-0.0607876095556636,0.775280768291911,10.6255338492057,13.6021012040699
125,"Heat",25,-0.078162464732509,0.855761818650513,11.1674492285497,13.7828148676756
126,"Heat",26,-0.0925639077043002,0.904262783646593,11.3537108945792,14.2451131065522
127,"Heat",27,-0.0827948307318823,0.843557984512474,11.791878263585,15.0073813327145
128,"Heat",28,-0.0927382665815396,0.91539775416547,12.210383557052,16.4386803231238
129,"Heat",29,-0.0972123020146279,0.945435173176122,12.3377379443482,17.7581409381889
130,"Heat",30,-0.0962498100017581,0.963007093587104,12.4630834943378,18.2213529829952
131,"Heat",31,-0.0991047809557145,1.03766006269222,12.6715114405716,19.4106881627839
201,"Heat",32,-0.104814676137367,1.13123443597222,13.4057821567621,20.0155807506994
202,"Heat",33,-0.100852317101732,1.196352435165,13.888545101902,19.7826847189761
203,"Heat",34,-0.101164880438544,1.22195753357401,14.0349923496358,19.6467802496157
204,"Heat",35,-0.108337699829154,1.29892567296512,14.0615420778239,19.2328945210092
205,"Heat",36,-0.110131386439693,1.35281180891309,13.6858322081218,18.6511754367141
206,"Heat",37,-0.109090098711974,1.42379896129306,13.9481082623842,18.6318046084552
207,"Heat",38,-0.110217128873125,1.51780605795371,14.3543969037789,18.1716922190857
208,"Heat",39,-0.104283085476387,1.51742409710714,14.045668327374,17.0269313730144
209,"Heat",40,-0.105193227862078,1.54792329090541,13.8158546994191,16.5871290323029
210,"Heat",41,-0.111201948387609,1.59698339831679,13.8112209611242,16.6395474961147
211,"Heat",42,-0.11557641426202,1.5921967114842,13.0964222571812,15.9760856811115
212,"Heat",43,-0.129963346546167,1.65606739239951,11.9627025470368,15.1920859297697
213,"Heat",44,-0.142025004279956,1.69317394218554,11.2519035406122,14.917941608698
214,"Heat",45,-0.151627143307824,1.77079897914268,10.9005324244215,14.7719783515858
215,"Heat",46,-0.153675186983532,1.85687370210783,11.3213829769124,15.5257036991359
216,"Heat",47,-0.151180083856932,1.87494535073703,12.1244219266835,16.1583463579167
217,"Heat",48,-0.162141411442991,1.92209923170566,12.2913115628076,16.1562763815745
218,"Heat",49,-0.178885281102535,2.02228801055951,12.211867342542,16.2289385781993
219,"Heat",50,-0.198031453040012,2.16069203044003,13.4640574590451,17.8255742991164
220,"Heat",51,-0.19963765931609,2.18821886844299,14.7978565779195,18.6605385492886
221,"Heat",52,-0.224789918865258,2.28871733605671,16.1030502916328,19.4391225269098
222,"Heat",53,-0.238178167059196,2.35231188784134,17.6105876863215,20.3471830435896
223,"Heat",54,-0.224775513312059,2.26709423535315,19.3482037962636,21.1205254806928
224,"Heat",55,-0.216169488197565,2.22743456112979,21.0580431993452,21.4755326722612
225,"Heat",56,-0.204776116037836,2.16115154127368,22.3206233408576,22.0749771344275
226,"Heat",57,-0.189394895422305,2.04555706305496,23.1858632048484,22.4300597042983
227,"Heat",58,-0.184355743411103,2.02116435438482,23.6899965373213,22.7313842981294
228,"Heat",59,-0.173433985002552,1.96759603339817,24.3670281806412,23.0797125115082
301,"Heat",60,-0.175933104732186,1.96701632336773,25.0108452581216,22.8557691603137
302,"Heat",61,-0.175440060346866,1.940045746004,25.4139309489681,22.8282824809354
303,"Heat",62,-0.186998053656234,2.00236627887167,26.7999364416703,23.2745755518264
304,"Heat",63,-0.17241505556309,1.96067979470258,28.2899627442944,24.6704083519207
305,"Heat",64,-0.166436892307798,2.00104783048391,29.7218729400585,25.4860468132231
306,"Heat",65,-0.175160139175154,2.09120794139084,31.2112192935146,26.8522932589247
307,"Heat",66,-0.187083254070359,2.1876527642915,32.4570555843579,27.7159298349325
308,"Heat",67,-0.201686638843072,2.28210542368796,33.7393903325697,28.2600555864881
309,"Heat",68,-0.216173401732651,2.32621689794919,34.4883502524907,28.7807927281097
310,"Heat",69,-0.226285180489864,2.35004650407919,36.1253460338767,29.4164111360781
311,"Heat",70,-0.234081811556696,2.44241095640666,38.4725225669616,30.6761089250454
312,"Heat",71,-0.240937306082835,2.51046890389604,41.0720897914993,31.9205927144579
313,"Heat",72,-0.246955826119955,2.51934339591402,43.1176477842528,32.7403237957731
314,"Heat",73,-0.242499325277158,2.47808709679578,43.4392125834988,33.082196840908
315,"Heat",74,-0.240056885398361,2.41813238400877,43.2737335010147,33.8166977950187
316,"Heat",75,-0.243358366302658,2.38045138786085,43.6088101628011,33.8057860366135
317,"Heat",76,-0.235090308066565,2.273109943954,43.6165559182337,33.6880162334267
318,"Heat",77,-0.211259583359558,2.09025536824359,44.2127888394122,33.9762043212142
319,"Heat",78,-0.18294463670782,1.88338081767962,46.2548471762829,34.4824644340277
320,"Heat",79,-0.166252565977671,1.74408258882083,48.5091016473784,35.5214044439073
321,"Heat",80,-0.145704267610569,1.60892939342003,49.8580066445221,35.8404190629502
322,"Heat",81,-0.137779755379777,1.53510454492506,50.7011132337432,34.7130007461071
323,"Heat",82,-0.127349100512479,1.45232938504684,51.8059887839303,34.786631407804
324,"Heat",83,-0.112577699894886,1.36503230591678,53.2576716274592,36.083596452657
325,"Heat",84,-0.106531208634467,1.33813765588868,56.1821784251774,37.5443645096568
326,"Heat",85,-0.0990355872068241,1.36451622568339,59.6783058219011,38.8587187094565
327,"Heat",86,-0.0948793355609717,1.46413204901949,63.2741727984261,40.4410420019068
328,"Heat",87,-0.0975582858999247,1.59124561384553,67.9252822811575,41.8676882279321
329,"Heat",88,-0.0949529868723527,1.62352186122436,71.8383541054804,43.9022611479783
330,"Heat",89,-0.0877659969711066,1.63669978944853,73.3826736964847,45.0339660389243
331,"Heat",90,-0.080907146092056,1.65957147061459,74.5047199054384,44.6212734205019
401,"Heat",91,-0.0945706106651291,1.70989217281543,75.9988497285452,46.2080884118784
402,"Heat",92,-0.108724254699388,1.70208175841699,78.5209571420426,47.2068346213812
403,"Heat",93,-0.109070539770623,1.63061183679171,79.5423372699517,46.757825996657
404,"Heat",94,-0.118467769870331,1.63715439595714,80.6531216907715,47.1678174632347
405,"Heat",95,-0.133187851318628,1.62356054568042,82.1135429566043,48.5315091329261
406,"Heat",96,-0.141305686279017,1.54605877468269,82.9266751544214,49.4455043283396
407,"Heat",97,-0.142943205289733,1.45210037860449,82.8095821113423,49.4138452481928
408,"Heat",98,-0.142326609639045,1.3798755872072,81.6461247858556,48.2150834515974
409,"Heat",99,-0.153636045886516,1.37377232342057,81.7656514974775,47.4613083886609
410,"Heat",100,-0.159237228690184,1.31499494522803,84.2669227905729,47.7104819861985
411,"Heat",101,-0.15527862072161,1.20618844263817,87.1072651008293,48.553902698451
412,"Heat",102,-0.137508577745881,1.02278716804222,89.6981080757838,47.7139342377816
413,"Heat",103,-0.125283257190633,0.910773025777236,91.7154147608106,45.8661894844247
414,"Heat",104,-0.118924595943441,0.862532879984667,93.846084925766,45.9683919211294
415,"Heat",105,-0.102206525606245,0.789991158481829,96.8817347072734,47.1120840989157
416,"Heat",106,-0.0741350682354823,0.711889929238179,100.287339267985,47.7847081783439
417,"Heat",107,-0.0401116359369854,0.659393047599512,105.202507551893,49.7495563183278
418,"Heat",108,-0.0229839092660987,0.692347636921236,111.264549724252,53.2159072201397
419,"Heat",109,-0.0119499634678103,0.740703388759167,117.641647305964,56.560936932392
420,"Heat",110,0.0003167285356852,0.770964894439171,122.519269358217,58.0576189582196
421,"Heat",111,-0.00429060260717385,0.766786296876866,125.620681773002,60.1097666866363
422,"Heat",112,-0.00884967929574388,0.769816311627744,127.327786807587,61.1907294936456
423,"Heat",113,-0.0177730423616591,0.815692877851569,130.329870570435,63.3631226406083
424,"Heat",114,-0.018170125127565,0.862345107975414,132.848921115346,65.1708270653499
425,"Heat",115,-0.0291208037573908,0.966635542841389,137.184649514819,66.0891526546392
426,"Heat",116,-0.0348569340582677,1.05469813081478,140.905337870562,66.6302557409618
427,"Heat",117,-0.0325709158612907,1.08015118609775,143.883396259747,66.9627035156535
428,"Heat",118,-0.0307566307163719,1.08169056775274,145.867299609369,65.3962650529327
429,"Heat",119,-0.0266607387556903,1.10666827610322,146.510126167724,63.9356717816546
430,"Heat",120,-0.0299501352898896,1.11578360685007,148.486995811944,63.1993330367121
501,"Heat",121,-0.0295257464975417,1.1258443361826,150.871844616023,60.5346479093649
502,"Heat",122,-0.019943052151689,1.11267013900059,155.430761466282,58.0715919363084
503,"Heat",123,-0.0148891769588646,1.11179031574472,162.176023200072,55.5428671056171
504,"Heat",124,-0.00834567230425006,1.10229463872793,168.578598257037,53.5831963356706
505,"Heat",125,-0.00846729914968273,1.09176200242934,174.259078880232,53.988958134827
506,"Heat",126,0.00608605958192354,1.05236200252881,179.821331048861,55.4447635811935
507,"Heat",127,0.0245693836621419,0.94339951363788,184.99392612581,56.8696890897441
508,"Heat",128,0.0202203520681984,0.834407240738841,189.094363213229,57.4733057778045
509,"Heat",129,0.00643624994769227,0.728452055444857,192.60501998829,60.0403630553046
